population,stratum,camera_pair,distance_threshold,same_total,same_measurable,same_retained,same_rejected,same_deferred,same_rejected_fraction_measurable,different_total,different_measurable,different_retained,different_rejected,different_deferred,different_rejected_fraction_measurable,unknown_total,unknown_measurable,unknown_retained,unknown_rejected,unknown_deferred,unknown_rejected_fraction_measurable
all_pairs,all,4-5,0.25,3724,3724,2840,884,0,0.23737916219119226,81826,81826,23,81803,0,0.9997189157480507,1855,1855,16,1839,0,0.9913746630727763
all_pairs,all,4-5,0.5,3724,3724,3405,319,0,0.08566058002148227,81826,81826,126,81700,0,0.9984601471414953,1855,1855,39,1816,0,0.9789757412398922
all_pairs,all,4-5,1.0,3724,3724,3631,93,0,0.02497314715359828,81826,81826,770,81056,0,0.9905897880869161,1855,1855,55,1800,0,0.9703504043126685
all_pairs,all,4-5,2.0,3724,3724,3724,0,0,0.0,81826,81826,3893,77933,0,0.9524234350939799,1855,1855,101,1754,0,0.9455525606469003
all_pairs,all,4-5,3.0,3724,3724,3724,0,0,0.0,81826,81826,9130,72696,0,0.8884217730305771,1855,1855,211,1644,0,0.8862533692722372
all_pairs,all,4-5,5.0,3724,3724,3724,0,0,0.0,81826,81826,25071,56755,0,0.693605944320876,1855,1855,497,1358,0,0.7320754716981132
all_pairs,all,4-5,10.0,3724,3724,3724,0,0,0.0,81826,81826,59702,22124,0,0.2703786082663212,1855,1855,1096,759,0,0.4091644204851752
all_pairs,all,4-8,0.25,4088,4088,1325,2763,0,0.675880626223092,77665,77665,12,77653,0,0.9998454902465718,2121,2121,32,2089,0,0.9849127769919849
all_pairs,all,4-8,0.5,4088,4088,3399,689,0,0.16854207436399218,77665,77665,104,77561,0,0.998660915470289,2121,2121,60,2061,0,0.9717114568599717
all_pairs,all,4-8,1.0,4088,4088,4076,12,0,0.0029354207436399216,77665,77665,701,76964,0,0.9909740552372368,2121,2121,108,2013,0,0.9490806223479491
all_pairs,all,4-8,2.0,4088,4088,4088,0,0,0.0,77665,77665,4091,73574,0,0.9473250498937745,2121,2121,224,1897,0,0.8943894389438944
all_pairs,all,4-8,3.0,4088,4088,4088,0,0,0.0,77665,77665,9953,67712,0,0.8718470353441061,2121,2121,285,1836,0,0.8656294200848657
all_pairs,all,4-8,5.0,4088,4088,4088,0,0,0.0,77665,77665,26991,50674,0,0.6524689371016545,2121,2121,599,1522,0,0.7175860443187175
all_pairs,all,4-8,10.0,4088,4088,4088,0,0,0.0,77665,77665,64881,12784,0,0.16460439065215993,2121,2121,1295,826,0,0.38943894389438943
all_pairs,all,5-8,0.25,4219,4219,1571,2648,0,0.6276368807774354,103079,103079,122,102957,0,0.9988164417582631,1878,1878,27,1851,0,0.9856230031948882
all_pairs,all,5-8,0.5,4219,4219,3399,820,0,0.19435885280872245,103079,103079,261,102818,0,0.9974679614664481,1878,1878,58,1820,0,0.9691160809371672
all_pairs,all,5-8,1.0,4219,4219,4028,191,0,0.04527139132495852,103079,103079,842,102237,0,0.9918315078726025,1878,1878,92,1786,0,0.9510117145899893
all_pairs,all,5-8,2.0,4219,4219,4219,0,0,0.0,103079,103079,4409,98670,0,0.9572269812473928,1878,1878,185,1693,0,0.9014909478168264
all_pairs,all,5-8,3.0,4219,4219,4219,0,0,0.0,103079,103079,9812,93267,0,0.9048108732137486,1878,1878,300,1578,0,0.8402555910543131
all_pairs,all,5-8,5.0,4219,4219,4219,0,0,0.0,103079,103079,27063,76016,0,0.7374537975727354,1878,1878,695,1183,0,0.6299254526091587
all_pairs,all,5-8,10.0,4219,4219,4219,0,0,0.0,103079,103079,70796,32283,0,0.31318697309830323,1878,1878,1489,389,0,0.2071352502662407
all_pairs,all,ALL,0.25,12031,12031,5736,6295,0,0.5232316515667857,262570,262570,157,262413,0,0.9994020642114484,5854,5854,75,5779,0,0.9871882473522378
all_pairs,all,ALL,0.5,12031,12031,10203,1828,0,0.15194081954949712,262570,262570,491,262079,0,0.9981300224701984,5854,5854,157,5697,0,0.9731807311240178
all_pairs,all,ALL,1.0,12031,12031,11735,296,0,0.024603108636023607,262570,262570,2313,260257,0,0.9911909205164338,5854,5854,255,5599,0,0.9564400409976085
all_pairs,all,ALL,2.0,12031,12031,12031,0,0,0.0,262570,262570,12393,250177,0,0.952801157786495,5854,5854,510,5344,0,0.912880081995217
all_pairs,all,ALL,3.0,12031,12031,12031,0,0,0.0,262570,262570,28895,233675,0,0.8899531553490497,5854,5854,796,5058,0,0.8640245985650837
all_pairs,all,ALL,5.0,12031,12031,12031,0,0,0.0,262570,262570,79125,183445,0,0.6986517880946034,5854,5854,1791,4063,0,0.6940553467714383
all_pairs,all,ALL,10.0,12031,12031,12031,0,0,0.0,262570,262570,195379,67191,0,0.2558974749590585,5854,5854,3880,1974,0,0.3372053296891015
all_pairs,both_boxes_inside,4-5,0.25,3724,3724,2840,884,0,0.23737916219119226,81826,81826,23,81803,0,0.9997189157480507,1855,1855,16,1839,0,0.9913746630727763
all_pairs,both_boxes_inside,4-5,0.5,3724,3724,3405,319,0,0.08566058002148227,81826,81826,126,81700,0,0.9984601471414953,1855,1855,39,1816,0,0.9789757412398922
all_pairs,both_boxes_inside,4-5,1.0,3724,3724,3631,93,0,0.02497314715359828,81826,81826,770,81056,0,0.9905897880869161,1855,1855,55,1800,0,0.9703504043126685
all_pairs,both_boxes_inside,4-5,2.0,3724,3724,3724,0,0,0.0,81826,81826,3893,77933,0,0.9524234350939799,1855,1855,101,1754,0,0.9455525606469003
all_pairs,both_boxes_inside,4-5,3.0,3724,3724,3724,0,0,0.0,81826,81826,9130,72696,0,0.8884217730305771,1855,1855,211,1644,0,0.8862533692722372
all_pairs,both_boxes_inside,4-5,5.0,3724,3724,3724,0,0,0.0,81826,81826,25071,56755,0,0.693605944320876,1855,1855,497,1358,0,0.7320754716981132
all_pairs,both_boxes_inside,4-5,10.0,3724,3724,3724,0,0,0.0,81826,81826,59702,22124,0,0.2703786082663212,1855,1855,1096,759,0,0.4091644204851752
all_pairs,both_boxes_inside,4-8,0.25,4088,4088,1325,2763,0,0.675880626223092,77665,77665,12,77653,0,0.9998454902465718,2121,2121,32,2089,0,0.9849127769919849
all_pairs,both_boxes_inside,4-8,0.5,4088,4088,3399,689,0,0.16854207436399218,77665,77665,104,77561,0,0.998660915470289,2121,2121,60,2061,0,0.9717114568599717
all_pairs,both_boxes_inside,4-8,1.0,4088,4088,4076,12,0,0.0029354207436399216,77665,77665,701,76964,0,0.9909740552372368,2121,2121,108,2013,0,0.9490806223479491
all_pairs,both_boxes_inside,4-8,2.0,4088,4088,4088,0,0,0.0,77665,77665,4091,73574,0,0.9473250498937745,2121,2121,224,1897,0,0.8943894389438944
all_pairs,both_boxes_inside,4-8,3.0,4088,4088,4088,0,0,0.0,77665,77665,9953,67712,0,0.8718470353441061,2121,2121,285,1836,0,0.8656294200848657
all_pairs,both_boxes_inside,4-8,5.0,4088,4088,4088,0,0,0.0,77665,77665,26991,50674,0,0.6524689371016545,2121,2121,599,1522,0,0.7175860443187175
all_pairs,both_boxes_inside,4-8,10.0,4088,4088,4088,0,0,0.0,77665,77665,64881,12784,0,0.16460439065215993,2121,2121,1295,826,0,0.38943894389438943
all_pairs,both_boxes_inside,5-8,0.25,4219,4219,1571,2648,0,0.6276368807774354,103079,103079,122,102957,0,0.9988164417582631,1878,1878,27,1851,0,0.9856230031948882
all_pairs,both_boxes_inside,5-8,0.5,4219,4219,3399,820,0,0.19435885280872245,103079,103079,261,102818,0,0.9974679614664481,1878,1878,58,1820,0,0.9691160809371672
all_pairs,both_boxes_inside,5-8,1.0,4219,4219,4028,191,0,0.04527139132495852,103079,103079,842,102237,0,0.9918315078726025,1878,1878,92,1786,0,0.9510117145899893
all_pairs,both_boxes_inside,5-8,2.0,4219,4219,4219,0,0,0.0,103079,103079,4409,98670,0,0.9572269812473928,1878,1878,185,1693,0,0.9014909478168264
all_pairs,both_boxes_inside,5-8,3.0,4219,4219,4219,0,0,0.0,103079,103079,9812,93267,0,0.9048108732137486,1878,1878,300,1578,0,0.8402555910543131
all_pairs,both_boxes_inside,5-8,5.0,4219,4219,4219,0,0,0.0,103079,103079,27063,76016,0,0.7374537975727354,1878,1878,695,1183,0,0.6299254526091587
all_pairs,both_boxes_inside,5-8,10.0,4219,4219,4219,0,0,0.0,103079,103079,70796,32283,0,0.31318697309830323,1878,1878,1489,389,0,0.2071352502662407
all_pairs,both_boxes_inside,ALL,0.25,12031,12031,5736,6295,0,0.5232316515667857,262570,262570,157,262413,0,0.9994020642114484,5854,5854,75,5779,0,0.9871882473522378
all_pairs,both_boxes_inside,ALL,0.5,12031,12031,10203,1828,0,0.15194081954949712,262570,262570,491,262079,0,0.9981300224701984,5854,5854,157,5697,0,0.9731807311240178
all_pairs,both_boxes_inside,ALL,1.0,12031,12031,11735,296,0,0.024603108636023607,262570,262570,2313,260257,0,0.9911909205164338,5854,5854,255,5599,0,0.9564400409976085
all_pairs,both_boxes_inside,ALL,2.0,12031,12031,12031,0,0,0.0,262570,262570,12393,250177,0,0.952801157786495,5854,5854,510,5344,0,0.912880081995217
all_pairs,both_boxes_inside,ALL,3.0,12031,12031,12031,0,0,0.0,262570,262570,28895,233675,0,0.8899531553490497,5854,5854,796,5058,0,0.8640245985650837
all_pairs,both_boxes_inside,ALL,5.0,12031,12031,12031,0,0,0.0,262570,262570,79125,183445,0,0.6986517880946034,5854,5854,1791,4063,0,0.6940553467714383
all_pairs,both_boxes_inside,ALL,10.0,12031,12031,12031,0,0,0.0,262570,262570,195379,67191,0,0.2558974749590585,5854,5854,3880,1974,0,0.3372053296891015
all_pairs,both_labels_mutually_unique,4-5,0.25,3672,3672,2820,852,0,0.23202614379084968,80689,80689,9,80680,0,0.9998884606328,0,0,0,0,0,
all_pairs,both_labels_mutually_unique,4-5,0.5,3672,3672,3353,319,0,0.08687363834422658,80689,80689,93,80596,0,0.9988474265389334,0,0,0,0,0,
all_pairs,both_labels_mutually_unique,4-5,1.0,3672,3672,3579,93,0,0.025326797385620915,80689,80689,696,79993,0,0.9913742889365341,0,0,0,0,0,
all_pairs,both_labels_mutually_unique,4-5,2.0,3672,3672,3672,0,0,0.0,80689,80689,3754,76935,0,0.9534756906145819,0,0,0,0,0,
all_pairs,both_labels_mutually_unique,4-5,3.0,3672,3672,3672,0,0,0.0,80689,80689,8906,71783,0,0.8896255995240987,0,0,0,0,0,
all_pairs,both_labels_mutually_unique,4-5,5.0,3672,3672,3672,0,0,0.0,80689,80689,24645,56044,0,0.6945680328173605,0,0,0,0,0,
all_pairs,both_labels_mutually_unique,4-5,10.0,3672,3672,3672,0,0,0.0,80689,80689,58842,21847,0,0.2707556172464648,0,0,0,0,0,
all_pairs,both_labels_mutually_unique,4-8,0.25,4019,4019,1304,2715,0,0.6755411793978602,76075,76075,5,76070,0,0.9999342753861321,0,0,0,0,0,
all_pairs,both_labels_mutually_unique,4-8,0.5,4019,4019,3354,665,0,0.16546404578253296,76075,76075,70,76005,0,0.9990798554058495,0,0,0,0,0,
all_pairs,both_labels_mutually_unique,4-8,1.0,4019,4019,4007,12,0,0.002985817367504354,76075,76075,623,75452,0,0.9918107131120605,0,0,0,0,0,
all_pairs,both_labels_mutually_unique,4-8,2.0,4019,4019,4019,0,0,0.0,76075,76075,3882,72193,0,0.9489714097929675,0,0,0,0,0,
all_pairs,both_labels_mutually_unique,4-8,3.0,4019,4019,4019,0,0,0.0,76075,76075,9633,66442,0,0.8733749589221164,0,0,0,0,0,
all_pairs,both_labels_mutually_unique,4-8,5.0,4019,4019,4019,0,0,0.0,76075,76075,26346,49729,0,0.6536838646072954,0,0,0,0,0,
all_pairs,both_labels_mutually_unique,4-8,10.0,4019,4019,4019,0,0,0.0,76075,76075,63502,12573,0,0.16527111403220507,0,0,0,0,0,
all_pairs,both_labels_mutually_unique,5-8,0.25,4121,4121,1531,2590,0,0.6284882310118903,100025,100025,117,99908,0,0.9988302924268933,0,0,0,0,0,
all_pairs,both_labels_mutually_unique,5-8,0.5,4121,4121,3333,788,0,0.19121572433875272,100025,100025,216,99809,0,0.9978405398650337,0,0,0,0,0,
all_pairs,both_labels_mutually_unique,5-8,1.0,4121,4121,3943,178,0,0.04319339966027663,100025,100025,742,99283,0,0.9925818545363659,0,0,0,0,0,
all_pairs,both_labels_mutually_unique,5-8,2.0,4121,4121,4121,0,0,0.0,100025,100025,4114,95911,0,0.9588702824293927,0,0,0,0,0,
all_pairs,both_labels_mutually_unique,5-8,3.0,4121,4121,4121,0,0,0.0,100025,100025,9387,90638,0,0.9061534616345913,0,0,0,0,0,
all_pairs,both_labels_mutually_unique,5-8,5.0,4121,4121,4121,0,0,0.0,100025,100025,26030,73995,0,0.7397650587353162,0,0,0,0,0,
all_pairs,both_labels_mutually_unique,5-8,10.0,4121,4121,4121,0,0,0.0,100025,100025,68515,31510,0,0.3150212446888278,0,0,0,0,0,
all_pairs,both_labels_mutually_unique,ALL,0.25,11812,11812,5655,6157,0,0.5212495767016593,256789,256789,131,256658,0,0.99948985353734,0,0,0,0,0,
all_pairs,both_labels_mutually_unique,ALL,0.5,11812,11812,10040,1772,0,0.1500169319336268,256789,256789,379,256410,0,0.9985240800813119,0,0,0,0,0,
all_pairs,both_labels_mutually_unique,ALL,1.0,11812,11812,11529,283,0,0.023958686081950557,256789,256789,2061,254728,0,0.9919739552706697,0,0,0,0,0,
all_pairs,both_labels_mutually_unique,ALL,2.0,11812,11812,11812,0,0,0.0,256789,256789,11750,245039,0,0.9542425882728621,0,0,0,0,0,
all_pairs,both_labels_mutually_unique,ALL,3.0,11812,11812,11812,0,0,0.0,256789,256789,27926,228863,0,0.8912492357538679,0,0,0,0,0,
all_pairs,both_labels_mutually_unique,ALL,5.0,11812,11812,11812,0,0,0.0,256789,256789,77021,179768,0,0.700061139690563,0,0,0,0,0,
all_pairs,both_labels_mutually_unique,ALL,10.0,11812,11812,11812,0,0,0.0,256789,256789,190859,65930,0,0.25674775788682536,0,0,0,0,0,
appearance_links,all,4-5,0.25,3523,3523,2712,811,0,0.23020153278455863,18,18,6,12,0,0.6666666666666666,35,35,14,21,0,0.6
appearance_links,all,4-5,0.5,3523,3523,3234,289,0,0.08203235878512631,18,18,9,9,0,0.5,35,35,26,9,0,0.2571428571428571
appearance_links,all,4-5,1.0,3523,3523,3431,92,0,0.026114107294919104,18,18,9,9,0,0.5,35,35,26,9,0,0.2571428571428571
appearance_links,all,4-5,2.0,3523,3523,3523,0,0,0.0,18,18,9,9,0,0.5,35,35,30,5,0,0.14285714285714285
appearance_links,all,4-5,3.0,3523,3523,3523,0,0,0.0,18,18,9,9,0,0.5,35,35,30,5,0,0.14285714285714285
appearance_links,all,4-5,5.0,3523,3523,3523,0,0,0.0,18,18,9,9,0,0.5,35,35,30,5,0,0.14285714285714285
appearance_links,all,4-5,10.0,3523,3523,3523,0,0,0.0,18,18,18,0,0,0.0,35,35,35,0,0,0.0
appearance_links,all,4-8,0.25,3197,3197,1052,2145,0,0.6709415076634345,167,167,5,162,0,0.9700598802395209,23,23,8,15,0,0.6521739130434783
appearance_links,all,4-8,0.5,3197,3197,2701,496,0,0.15514544885830467,167,167,13,154,0,0.9221556886227545,23,23,14,9,0,0.391304347826087
appearance_links,all,4-8,1.0,3197,3197,3188,9,0,0.0028151391929934315,167,167,16,151,0,0.9041916167664671,23,23,17,6,0,0.2608695652173913
appearance_links,all,4-8,2.0,3197,3197,3197,0,0,0.0,167,167,20,147,0,0.8802395209580839,23,23,23,0,0,0.0
appearance_links,all,4-8,3.0,3197,3197,3197,0,0,0.0,167,167,21,146,0,0.874251497005988,23,23,23,0,0,0.0
appearance_links,all,4-8,5.0,3197,3197,3197,0,0,0.0,167,167,22,145,0,0.8682634730538922,23,23,23,0,0,0.0
appearance_links,all,4-8,10.0,3197,3197,3197,0,0,0.0,167,167,135,32,0,0.19161676646706588,23,23,23,0,0,0.0
appearance_links,all,5-8,0.25,3787,3787,1495,2292,0,0.6052284129918141,178,178,3,175,0,0.9831460674157303,40,40,11,29,0,0.725
appearance_links,all,5-8,0.5,3787,3787,3247,540,0,0.14259308159493003,178,178,16,162,0,0.9101123595505618,40,40,27,13,0,0.325
appearance_links,all,5-8,1.0,3787,3787,3746,41,0,0.01082651175072617,178,178,21,157,0,0.8820224719101124,40,40,34,6,0,0.15
appearance_links,all,5-8,2.0,3787,3787,3787,0,0,0.0,178,178,23,155,0,0.8707865168539326,40,40,37,3,0,0.075
appearance_links,all,5-8,3.0,3787,3787,3787,0,0,0.0,178,178,25,153,0,0.8595505617977528,40,40,38,2,0,0.05
appearance_links,all,5-8,5.0,3787,3787,3787,0,0,0.0,178,178,30,148,0,0.8314606741573034,40,40,40,0,0,0.0
appearance_links,all,5-8,10.0,3787,3787,3787,0,0,0.0,178,178,35,143,0,0.8033707865168539,40,40,40,0,0,0.0
appearance_links,all,ALL,0.25,10507,10507,5259,5248,0,0.49947653944989057,363,363,14,349,0,0.9614325068870524,98,98,33,65,0,0.6632653061224489
appearance_links,all,ALL,0.5,10507,10507,9182,1325,0,0.12610640525364042,363,363,38,325,0,0.8953168044077136,98,98,67,31,0,0.3163265306122449
appearance_links,all,ALL,1.0,10507,10507,10365,142,0,0.013514799657371276,363,363,46,317,0,0.8732782369146006,98,98,77,21,0,0.21428571428571427
appearance_links,all,ALL,2.0,10507,10507,10507,0,0,0.0,363,363,52,311,0,0.8567493112947658,98,98,90,8,0,0.08163265306122448
appearance_links,all,ALL,3.0,10507,10507,10507,0,0,0.0,363,363,55,308,0,0.8484848484848485,98,98,91,7,0,0.07142857142857142
appearance_links,all,ALL,5.0,10507,10507,10507,0,0,0.0,363,363,61,302,0,0.8319559228650137,98,98,93,5,0,0.05102040816326531
appearance_links,all,ALL,10.0,10507,10507,10507,0,0,0.0,363,363,188,175,0,0.4820936639118457,98,98,98,0,0,0.0
appearance_links,both_boxes_inside,4-5,0.25,3523,3523,2712,811,0,0.23020153278455863,18,18,6,12,0,0.6666666666666666,35,35,14,21,0,0.6
appearance_links,both_boxes_inside,4-5,0.5,3523,3523,3234,289,0,0.08203235878512631,18,18,9,9,0,0.5,35,35,26,9,0,0.2571428571428571
appearance_links,both_boxes_inside,4-5,1.0,3523,3523,3431,92,0,0.026114107294919104,18,18,9,9,0,0.5,35,35,26,9,0,0.2571428571428571
appearance_links,both_boxes_inside,4-5,2.0,3523,3523,3523,0,0,0.0,18,18,9,9,0,0.5,35,35,30,5,0,0.14285714285714285
appearance_links,both_boxes_inside,4-5,3.0,3523,3523,3523,0,0,0.0,18,18,9,9,0,0.5,35,35,30,5,0,0.14285714285714285
appearance_links,both_boxes_inside,4-5,5.0,3523,3523,3523,0,0,0.0,18,18,9,9,0,0.5,35,35,30,5,0,0.14285714285714285
appearance_links,both_boxes_inside,4-5,10.0,3523,3523,3523,0,0,0.0,18,18,18,0,0,0.0,35,35,35,0,0,0.0
appearance_links,both_boxes_inside,4-8,0.25,3197,3197,1052,2145,0,0.6709415076634345,167,167,5,162,0,0.9700598802395209,23,23,8,15,0,0.6521739130434783
appearance_links,both_boxes_inside,4-8,0.5,3197,3197,2701,496,0,0.15514544885830467,167,167,13,154,0,0.9221556886227545,23,23,14,9,0,0.391304347826087
appearance_links,both_boxes_inside,4-8,1.0,3197,3197,3188,9,0,0.0028151391929934315,167,167,16,151,0,0.9041916167664671,23,23,17,6,0,0.2608695652173913
appearance_links,both_boxes_inside,4-8,2.0,3197,3197,3197,0,0,0.0,167,167,20,147,0,0.8802395209580839,23,23,23,0,0,0.0
appearance_links,both_boxes_inside,4-8,3.0,3197,3197,3197,0,0,0.0,167,167,21,146,0,0.874251497005988,23,23,23,0,0,0.0
appearance_links,both_boxes_inside,4-8,5.0,3197,3197,3197,0,0,0.0,167,167,22,145,0,0.8682634730538922,23,23,23,0,0,0.0
appearance_links,both_boxes_inside,4-8,10.0,3197,3197,3197,0,0,0.0,167,167,135,32,0,0.19161676646706588,23,23,23,0,0,0.0
appearance_links,both_boxes_inside,5-8,0.25,3787,3787,1495,2292,0,0.6052284129918141,178,178,3,175,0,0.9831460674157303,40,40,11,29,0,0.725
appearance_links,both_boxes_inside,5-8,0.5,3787,3787,3247,540,0,0.14259308159493003,178,178,16,162,0,0.9101123595505618,40,40,27,13,0,0.325
appearance_links,both_boxes_inside,5-8,1.0,3787,3787,3746,41,0,0.01082651175072617,178,178,21,157,0,0.8820224719101124,40,40,34,6,0,0.15
appearance_links,both_boxes_inside,5-8,2.0,3787,3787,3787,0,0,0.0,178,178,23,155,0,0.8707865168539326,40,40,37,3,0,0.075
appearance_links,both_boxes_inside,5-8,3.0,3787,3787,3787,0,0,0.0,178,178,25,153,0,0.8595505617977528,40,40,38,2,0,0.05
appearance_links,both_boxes_inside,5-8,5.0,3787,3787,3787,0,0,0.0,178,178,30,148,0,0.8314606741573034,40,40,40,0,0,0.0
appearance_links,both_boxes_inside,5-8,10.0,3787,3787,3787,0,0,0.0,178,178,35,143,0,0.8033707865168539,40,40,40,0,0,0.0
appearance_links,both_boxes_inside,ALL,0.25,10507,10507,5259,5248,0,0.49947653944989057,363,363,14,349,0,0.9614325068870524,98,98,33,65,0,0.6632653061224489
appearance_links,both_boxes_inside,ALL,0.5,10507,10507,9182,1325,0,0.12610640525364042,363,363,38,325,0,0.8953168044077136,98,98,67,31,0,0.3163265306122449
appearance_links,both_boxes_inside,ALL,1.0,10507,10507,10365,142,0,0.013514799657371276,363,363,46,317,0,0.8732782369146006,98,98,77,21,0,0.21428571428571427
appearance_links,both_boxes_inside,ALL,2.0,10507,10507,10507,0,0,0.0,363,363,52,311,0,0.8567493112947658,98,98,90,8,0,0.08163265306122448
appearance_links,both_boxes_inside,ALL,3.0,10507,10507,10507,0,0,0.0,363,363,55,308,0,0.8484848484848485,98,98,91,7,0,0.07142857142857142
appearance_links,both_boxes_inside,ALL,5.0,10507,10507,10507,0,0,0.0,363,363,61,302,0,0.8319559228650137,98,98,93,5,0,0.05102040816326531
appearance_links,both_boxes_inside,ALL,10.0,10507,10507,10507,0,0,0.0,363,363,188,175,0,0.4820936639118457,98,98,98,0,0,0.0
appearance_links,both_labels_mutually_unique,4-5,0.25,3479,3479,2693,786,0,0.22592699051451567,10,10,0,10,0,1.0,0,0,0,0,0,
appearance_links,both_labels_mutually_unique,4-5,0.5,3479,3479,3190,289,0,0.08306984765737281,10,10,1,9,0,0.9,0,0,0,0,0,
appearance_links,both_labels_mutually_unique,4-5,1.0,3479,3479,3387,92,0,0.02644438056912906,10,10,1,9,0,0.9,0,0,0,0,0,
appearance_links,both_labels_mutually_unique,4-5,2.0,3479,3479,3479,0,0,0.0,10,10,1,9,0,0.9,0,0,0,0,0,
appearance_links,both_labels_mutually_unique,4-5,3.0,3479,3479,3479,0,0,0.0,10,10,1,9,0,0.9,0,0,0,0,0,
appearance_links,both_labels_mutually_unique,4-5,5.0,3479,3479,3479,0,0,0.0,10,10,1,9,0,0.9,0,0,0,0,0,
appearance_links,both_labels_mutually_unique,4-5,10.0,3479,3479,3479,0,0,0.0,10,10,10,0,0,0.0,0,0,0,0,0,
appearance_links,both_labels_mutually_unique,4-8,0.25,3165,3165,1038,2127,0,0.6720379146919432,157,157,2,155,0,0.9872611464968153,0,0,0,0,0,
appearance_links,both_labels_mutually_unique,4-8,0.5,3165,3165,2676,489,0,0.15450236966824646,157,157,7,150,0,0.9554140127388535,0,0,0,0,0,
appearance_links,both_labels_mutually_unique,4-8,1.0,3165,3165,3156,9,0,0.002843601895734597,157,157,9,148,0,0.9426751592356688,0,0,0,0,0,
appearance_links,both_labels_mutually_unique,4-8,2.0,3165,3165,3165,0,0,0.0,157,157,12,145,0,0.9235668789808917,0,0,0,0,0,
appearance_links,both_labels_mutually_unique,4-8,3.0,3165,3165,3165,0,0,0.0,157,157,12,145,0,0.9235668789808917,0,0,0,0,0,
appearance_links,both_labels_mutually_unique,4-8,5.0,3165,3165,3165,0,0,0.0,157,157,12,145,0,0.9235668789808917,0,0,0,0,0,
appearance_links,both_labels_mutually_unique,4-8,10.0,3165,3165,3165,0,0,0.0,157,157,125,32,0,0.20382165605095542,0,0,0,0,0,
appearance_links,both_labels_mutually_unique,5-8,0.25,3752,3752,1484,2268,0,0.6044776119402985,152,152,0,152,0,1.0,0,0,0,0,0,
appearance_links,both_labels_mutually_unique,5-8,0.5,3752,3752,3221,531,0,0.14152452025586354,152,152,0,152,0,1.0,0,0,0,0,0,
appearance_links,both_labels_mutually_unique,5-8,1.0,3752,3752,3712,40,0,0.010660980810234541,152,152,0,152,0,1.0,0,0,0,0,0,
appearance_links,both_labels_mutually_unique,5-8,2.0,3752,3752,3752,0,0,0.0,152,152,1,151,0,0.993421052631579,0,0,0,0,0,
appearance_links,both_labels_mutually_unique,5-8,3.0,3752,3752,3752,0,0,0.0,152,152,3,149,0,0.9802631578947368,0,0,0,0,0,
appearance_links,both_labels_mutually_unique,5-8,5.0,3752,3752,3752,0,0,0.0,152,152,8,144,0,0.9473684210526315,0,0,0,0,0,
appearance_links,both_labels_mutually_unique,5-8,10.0,3752,3752,3752,0,0,0.0,152,152,13,139,0,0.9144736842105263,0,0,0,0,0,
appearance_links,both_labels_mutually_unique,ALL,0.25,10396,10396,5215,5181,0,0.49836475567525973,319,319,2,317,0,0.9937304075235109,0,0,0,0,0,
appearance_links,both_labels_mutually_unique,ALL,0.5,10396,10396,9087,1309,0,0.12591381300500193,319,319,8,311,0,0.9749216300940439,0,0,0,0,0,
appearance_links,both_labels_mutually_unique,ALL,1.0,10396,10396,10255,141,0,0.013562908811081185,319,319,10,309,0,0.9686520376175548,0,0,0,0,0,
appearance_links,both_labels_mutually_unique,ALL,2.0,10396,10396,10396,0,0,0.0,319,319,14,305,0,0.9561128526645768,0,0,0,0,0,
appearance_links,both_labels_mutually_unique,ALL,3.0,10396,10396,10396,0,0,0.0,319,319,16,303,0,0.9498432601880877,0,0,0,0,0,
appearance_links,both_labels_mutually_unique,ALL,5.0,10396,10396,10396,0,0,0.0,319,319,21,298,0,0.9341692789968652,0,0,0,0,0,
appearance_links,both_labels_mutually_unique,ALL,10.0,10396,10396,10396,0,0,0.0,319,319,148,171,0,0.5360501567398119,0,0,0,0,0,
grouped_links,all,4-5,0.25,3416,3416,2666,750,0,0.21955503512880561,11,11,6,5,0,0.45454545454545453,27,27,12,15,0,0.5555555555555556
grouped_links,all,4-5,0.5,3416,3416,3152,264,0,0.07728337236533958,11,11,9,2,0,0.18181818181818182,27,27,21,6,0,0.2222222222222222
grouped_links,all,4-5,1.0,3416,3416,3330,86,0,0.025175644028103045,11,11,9,2,0,0.18181818181818182,27,27,21,6,0,0.2222222222222222
grouped_links,all,4-5,2.0,3416,3416,3416,0,0,0.0,11,11,9,2,0,0.18181818181818182,27,27,22,5,0,0.18518518518518517
grouped_links,all,4-5,3.0,3416,3416,3416,0,0,0.0,11,11,9,2,0,0.18181818181818182,27,27,22,5,0,0.18518518518518517
grouped_links,all,4-5,5.0,3416,3416,3416,0,0,0.0,11,11,9,2,0,0.18181818181818182,27,27,22,5,0,0.18518518518518517
grouped_links,all,4-5,10.0,3416,3416,3416,0,0,0.0,11,11,11,0,0,0.0,27,27,27,0,0,0.0
grouped_links,all,4-8,0.25,3147,3147,1043,2104,0,0.6685732443597077,41,41,3,38,0,0.926829268292683,18,18,7,11,0,0.6111111111111112
grouped_links,all,4-8,0.5,3147,3147,2672,475,0,0.1509374006990785,41,41,6,35,0,0.8536585365853658,18,18,13,5,0,0.2777777777777778
grouped_links,all,4-8,1.0,3147,3147,3139,8,0,0.002542103590721322,41,41,6,35,0,0.8536585365853658,18,18,16,2,0,0.1111111111111111
grouped_links,all,4-8,2.0,3147,3147,3147,0,0,0.0,41,41,10,31,0,0.7560975609756098,18,18,18,0,0,0.0
grouped_links,all,4-8,3.0,3147,3147,3147,0,0,0.0,41,41,11,30,0,0.7317073170731707,18,18,18,0,0,0.0
grouped_links,all,4-8,5.0,3147,3147,3147,0,0,0.0,41,41,12,29,0,0.7073170731707317,18,18,18,0,0,0.0
grouped_links,all,4-8,10.0,3147,3147,3147,0,0,0.0,41,41,22,19,0,0.4634146341463415,18,18,18,0,0,0.0
grouped_links,all,5-8,0.25,3577,3577,1392,2185,0,0.6108470785574504,158,158,2,156,0,0.9873417721518988,36,36,11,25,0,0.6944444444444444
grouped_links,all,5-8,0.5,3577,3577,3059,518,0,0.14481409001956946,158,158,11,147,0,0.930379746835443,36,36,24,12,0,0.3333333333333333
grouped_links,all,5-8,1.0,3577,3577,3539,38,0,0.01062342745317305,158,158,16,142,0,0.8987341772151899,36,36,30,6,0,0.16666666666666666
grouped_links,all,5-8,2.0,3577,3577,3577,0,0,0.0,158,158,18,140,0,0.8860759493670886,36,36,33,3,0,0.08333333333333333
grouped_links,all,5-8,3.0,3577,3577,3577,0,0,0.0,158,158,20,138,0,0.8734177215189873,36,36,34,2,0,0.05555555555555555
grouped_links,all,5-8,5.0,3577,3577,3577,0,0,0.0,158,158,25,133,0,0.8417721518987342,36,36,36,0,0,0.0
grouped_links,all,5-8,10.0,3577,3577,3577,0,0,0.0,158,158,25,133,0,0.8417721518987342,36,36,36,0,0,0.0
grouped_links,all,ALL,0.25,10140,10140,5101,5039,0,0.49694280078895464,210,210,11,199,0,0.9476190476190476,81,81,30,51,0,0.6296296296296297
grouped_links,all,ALL,0.5,10140,10140,8883,1257,0,0.12396449704142012,210,210,26,184,0,0.8761904761904762,81,81,58,23,0,0.2839506172839506
grouped_links,all,ALL,1.0,10140,10140,10008,132,0,0.01301775147928994,210,210,31,179,0,0.8523809523809524,81,81,67,14,0,0.1728395061728395
grouped_links,all,ALL,2.0,10140,10140,10140,0,0,0.0,210,210,37,173,0,0.8238095238095238,81,81,73,8,0,0.09876543209876543
grouped_links,all,ALL,3.0,10140,10140,10140,0,0,0.0,210,210,40,170,0,0.8095238095238095,81,81,74,7,0,0.08641975308641975
grouped_links,all,ALL,5.0,10140,10140,10140,0,0,0.0,210,210,46,164,0,0.780952380952381,81,81,76,5,0,0.06172839506172839
grouped_links,all,ALL,10.0,10140,10140,10140,0,0,0.0,210,210,58,152,0,0.7238095238095238,81,81,81,0,0,0.0
grouped_links,both_boxes_inside,4-5,0.25,3416,3416,2666,750,0,0.21955503512880561,11,11,6,5,0,0.45454545454545453,27,27,12,15,0,0.5555555555555556
grouped_links,both_boxes_inside,4-5,0.5,3416,3416,3152,264,0,0.07728337236533958,11,11,9,2,0,0.18181818181818182,27,27,21,6,0,0.2222222222222222
grouped_links,both_boxes_inside,4-5,1.0,3416,3416,3330,86,0,0.025175644028103045,11,11,9,2,0,0.18181818181818182,27,27,21,6,0,0.2222222222222222
grouped_links,both_boxes_inside,4-5,2.0,3416,3416,3416,0,0,0.0,11,11,9,2,0,0.18181818181818182,27,27,22,5,0,0.18518518518518517
grouped_links,both_boxes_inside,4-5,3.0,3416,3416,3416,0,0,0.0,11,11,9,2,0,0.18181818181818182,27,27,22,5,0,0.18518518518518517
grouped_links,both_boxes_inside,4-5,5.0,3416,3416,3416,0,0,0.0,11,11,9,2,0,0.18181818181818182,27,27,22,5,0,0.18518518518518517
grouped_links,both_boxes_inside,4-5,10.0,3416,3416,3416,0,0,0.0,11,11,11,0,0,0.0,27,27,27,0,0,0.0
grouped_links,both_boxes_inside,4-8,0.25,3147,3147,1043,2104,0,0.6685732443597077,41,41,3,38,0,0.926829268292683,18,18,7,11,0,0.6111111111111112
grouped_links,both_boxes_inside,4-8,0.5,3147,3147,2672,475,0,0.1509374006990785,41,41,6,35,0,0.8536585365853658,18,18,13,5,0,0.2777777777777778
grouped_links,both_boxes_inside,4-8,1.0,3147,3147,3139,8,0,0.002542103590721322,41,41,6,35,0,0.8536585365853658,18,18,16,2,0,0.1111111111111111
grouped_links,both_boxes_inside,4-8,2.0,3147,3147,3147,0,0,0.0,41,41,10,31,0,0.7560975609756098,18,18,18,0,0,0.0
grouped_links,both_boxes_inside,4-8,3.0,3147,3147,3147,0,0,0.0,41,41,11,30,0,0.7317073170731707,18,18,18,0,0,0.0
grouped_links,both_boxes_inside,4-8,5.0,3147,3147,3147,0,0,0.0,41,41,12,29,0,0.7073170731707317,18,18,18,0,0,0.0
grouped_links,both_boxes_inside,4-8,10.0,3147,3147,3147,0,0,0.0,41,41,22,19,0,0.4634146341463415,18,18,18,0,0,0.0
grouped_links,both_boxes_inside,5-8,0.25,3577,3577,1392,2185,0,0.6108470785574504,158,158,2,156,0,0.9873417721518988,36,36,11,25,0,0.6944444444444444
grouped_links,both_boxes_inside,5-8,0.5,3577,3577,3059,518,0,0.14481409001956946,158,158,11,147,0,0.930379746835443,36,36,24,12,0,0.3333333333333333
grouped_links,both_boxes_inside,5-8,1.0,3577,3577,3539,38,0,0.01062342745317305,158,158,16,142,0,0.8987341772151899,36,36,30,6,0,0.16666666666666666
grouped_links,both_boxes_inside,5-8,2.0,3577,3577,3577,0,0,0.0,158,158,18,140,0,0.8860759493670886,36,36,33,3,0,0.08333333333333333
grouped_links,both_boxes_inside,5-8,3.0,3577,3577,3577,0,0,0.0,158,158,20,138,0,0.8734177215189873,36,36,34,2,0,0.05555555555555555
grouped_links,both_boxes_inside,5-8,5.0,3577,3577,3577,0,0,0.0,158,158,25,133,0,0.8417721518987342,36,36,36,0,0,0.0
grouped_links,both_boxes_inside,5-8,10.0,3577,3577,3577,0,0,0.0,158,158,25,133,0,0.8417721518987342,36,36,36,0,0,0.0
grouped_links,both_boxes_inside,ALL,0.25,10140,10140,5101,5039,0,0.49694280078895464,210,210,11,199,0,0.9476190476190476,81,81,30,51,0,0.6296296296296297
grouped_links,both_boxes_inside,ALL,0.5,10140,10140,8883,1257,0,0.12396449704142012,210,210,26,184,0,0.8761904761904762,81,81,58,23,0,0.2839506172839506
grouped_links,both_boxes_inside,ALL,1.0,10140,10140,10008,132,0,0.01301775147928994,210,210,31,179,0,0.8523809523809524,81,81,67,14,0,0.1728395061728395
grouped_links,both_boxes_inside,ALL,2.0,10140,10140,10140,0,0,0.0,210,210,37,173,0,0.8238095238095238,81,81,73,8,0,0.09876543209876543
grouped_links,both_boxes_inside,ALL,3.0,10140,10140,10140,0,0,0.0,210,210,40,170,0,0.8095238095238095,81,81,74,7,0,0.08641975308641975
grouped_links,both_boxes_inside,ALL,5.0,10140,10140,10140,0,0,0.0,210,210,46,164,0,0.780952380952381,81,81,76,5,0,0.06172839506172839
grouped_links,both_boxes_inside,ALL,10.0,10140,10140,10140,0,0,0.0,210,210,58,152,0,0.7238095238095238,81,81,81,0,0,0.0
grouped_links,both_labels_mutually_unique,4-5,0.25,3372,3372,2647,725,0,0.21500593119810202,3,3,0,3,0,1.0,0,0,0,0,0,
grouped_links,both_labels_mutually_unique,4-5,0.5,3372,3372,3108,264,0,0.07829181494661921,3,3,1,2,0,0.6666666666666666,0,0,0,0,0,
grouped_links,both_labels_mutually_unique,4-5,1.0,3372,3372,3286,86,0,0.025504151838671413,3,3,1,2,0,0.6666666666666666,0,0,0,0,0,
grouped_links,both_labels_mutually_unique,4-5,2.0,3372,3372,3372,0,0,0.0,3,3,1,2,0,0.6666666666666666,0,0,0,0,0,
grouped_links,both_labels_mutually_unique,4-5,3.0,3372,3372,3372,0,0,0.0,3,3,1,2,0,0.6666666666666666,0,0,0,0,0,
grouped_links,both_labels_mutually_unique,4-5,5.0,3372,3372,3372,0,0,0.0,3,3,1,2,0,0.6666666666666666,0,0,0,0,0,
grouped_links,both_labels_mutually_unique,4-5,10.0,3372,3372,3372,0,0,0.0,3,3,3,0,0,0.0,0,0,0,0,0,
grouped_links,both_labels_mutually_unique,4-8,0.25,3121,3121,1030,2091,0,0.6699775712912528,34,34,1,33,0,0.9705882352941176,0,0,0,0,0,
grouped_links,both_labels_mutually_unique,4-8,0.5,3121,3121,2649,472,0,0.1512335789810958,34,34,2,32,0,0.9411764705882353,0,0,0,0,0,
grouped_links,both_labels_mutually_unique,4-8,1.0,3121,3121,3113,8,0,0.00256328099967959,34,34,2,32,0,0.9411764705882353,0,0,0,0,0,
grouped_links,both_labels_mutually_unique,4-8,2.0,3121,3121,3121,0,0,0.0,34,34,5,29,0,0.8529411764705882,0,0,0,0,0,
grouped_links,both_labels_mutually_unique,4-8,3.0,3121,3121,3121,0,0,0.0,34,34,5,29,0,0.8529411764705882,0,0,0,0,0,
grouped_links,both_labels_mutually_unique,4-8,5.0,3121,3121,3121,0,0,0.0,34,34,5,29,0,0.8529411764705882,0,0,0,0,0,
grouped_links,both_labels_mutually_unique,4-8,10.0,3121,3121,3121,0,0,0.0,34,34,15,19,0,0.5588235294117647,0,0,0,0,0,
grouped_links,both_labels_mutually_unique,5-8,0.25,3546,3546,1381,2165,0,0.6105470953186689,137,137,0,137,0,1.0,0,0,0,0,0,
grouped_links,both_labels_mutually_unique,5-8,0.5,3546,3546,3035,511,0,0.14410603496897914,137,137,0,137,0,1.0,0,0,0,0,0,
grouped_links,both_labels_mutually_unique,5-8,1.0,3546,3546,3509,37,0,0.010434292160180485,137,137,0,137,0,1.0,0,0,0,0,0,
grouped_links,both_labels_mutually_unique,5-8,2.0,3546,3546,3546,0,0,0.0,137,137,1,136,0,0.9927007299270073,0,0,0,0,0,
grouped_links,both_labels_mutually_unique,5-8,3.0,3546,3546,3546,0,0,0.0,137,137,3,134,0,0.9781021897810219,0,0,0,0,0,
grouped_links,both_labels_mutually_unique,5-8,5.0,3546,3546,3546,0,0,0.0,137,137,8,129,0,0.9416058394160584,0,0,0,0,0,
grouped_links,both_labels_mutually_unique,5-8,10.0,3546,3546,3546,0,0,0.0,137,137,8,129,0,0.9416058394160584,0,0,0,0,0,
grouped_links,both_labels_mutually_unique,ALL,0.25,10039,10039,5058,4981,0,0.4961649566689909,174,174,1,173,0,0.9942528735632183,0,0,0,0,0,
grouped_links,both_labels_mutually_unique,ALL,0.5,10039,10039,8792,1247,0,0.12421555931865724,174,174,3,171,0,0.9827586206896551,0,0,0,0,0,
grouped_links,both_labels_mutually_unique,ALL,1.0,10039,10039,9908,131,0,0.013049108476939934,174,174,3,171,0,0.9827586206896551,0,0,0,0,0,
grouped_links,both_labels_mutually_unique,ALL,2.0,10039,10039,10039,0,0,0.0,174,174,7,167,0,0.9597701149425287,0,0,0,0,0,
grouped_links,both_labels_mutually_unique,ALL,3.0,10039,10039,10039,0,0,0.0,174,174,9,165,0,0.9482758620689655,0,0,0,0,0,
grouped_links,both_labels_mutually_unique,ALL,5.0,10039,10039,10039,0,0,0.0,174,174,14,160,0,0.9195402298850575,0,0,0,0,0,
grouped_links,both_labels_mutually_unique,ALL,10.0,10039,10039,10039,0,0,0.0,174,174,26,148,0,0.8505747126436781,0,0,0,0,0,
