population,stratum,camera_pair,category,total,deferred,measurable,min,p05,median,p95,p99,max
all_pairs,all,4-5,same,3724,0,3724,0.001630689797729634,0.04128436714003958,0.1197257624087005,0.7203554113815551,1.3315219845807447,1.8253176160703568
all_pairs,all,4-5,different,81826,0,81826,0.08311960254382902,2.049387850993841,7.0929379247348825,14.893518109636094,18.05196120479524,21.967572205374875
all_pairs,all,4-5,unknown,1855,0,1855,0.08354777210329026,1.9423683823979623,8.923803525267708,18.021499270164348,18.93702739450716,19.6008714292949
all_pairs,all,4-8,same,4088,0,4088,0.007291099734788185,0.07340140002594608,0.29647352765078794,0.6540007838781822,0.7960259509066911,1.4039288675892794
all_pairs,all,4-8,different,77665,0,77665,0.01753341362666007,1.9538491222437517,6.334265689997756,12.754590825795077,16.35406066949764,20.974240075349723
all_pairs,all,4-8,unknown,2121,0,2121,0.027603282853261614,0.9786052470200686,7.736596935196677,18.628536213825075,20.34243576514595,21.957621698358082
all_pairs,all,5-8,same,4219,0,4219,0.016963913630747528,0.0963831843501166,0.302774039110533,0.9157812681198592,1.2994780782520527,1.4601445311803594
all_pairs,all,5-8,different,103079,0,103079,0.1552053847123826,2.0994701984841244,7.527272317171808,16.83611173156778,20.737467969038402,26.02176019476587
all_pairs,all,5-8,unknown,1878,0,1878,0.024747643534228154,1.124555934605822,6.356866156827772,14.734283135723304,17.930250675935426,18.603305410981584
all_pairs,all,ALL,same,12031,0,12031,0.001630689797729634,0.04900304710751385,0.2617006618846846,0.7117786214865285,1.2918059401283521,1.8253176160703568
all_pairs,all,ALL,different,262570,0,262570,0.01753341362666007,2.043717954159591,7.026255501729903,15.147459840543627,19.237193105705405,26.02176019476587
all_pairs,all,ALL,unknown,5854,0,5854,0.024747643534228154,1.2397044024025923,7.396548513615043,18.04111144160765,19.590126772338685,21.957621698358082
all_pairs,both_boxes_inside,4-5,same,3724,0,3724,0.001630689797729634,0.04128436714003958,0.1197257624087005,0.7203554113815551,1.3315219845807447,1.8253176160703568
all_pairs,both_boxes_inside,4-5,different,81826,0,81826,0.08311960254382902,2.049387850993841,7.0929379247348825,14.893518109636094,18.05196120479524,21.967572205374875
all_pairs,both_boxes_inside,4-5,unknown,1855,0,1855,0.08354777210329026,1.9423683823979623,8.923803525267708,18.021499270164348,18.93702739450716,19.6008714292949
all_pairs,both_boxes_inside,4-8,same,4088,0,4088,0.007291099734788185,0.07340140002594608,0.29647352765078794,0.6540007838781822,0.7960259509066911,1.4039288675892794
all_pairs,both_boxes_inside,4-8,different,77665,0,77665,0.01753341362666007,1.9538491222437517,6.334265689997756,12.754590825795077,16.35406066949764,20.974240075349723
all_pairs,both_boxes_inside,4-8,unknown,2121,0,2121,0.027603282853261614,0.9786052470200686,7.736596935196677,18.628536213825075,20.34243576514595,21.957621698358082
all_pairs,both_boxes_inside,5-8,same,4219,0,4219,0.016963913630747528,0.0963831843501166,0.302774039110533,0.9157812681198592,1.2994780782520527,1.4601445311803594
all_pairs,both_boxes_inside,5-8,different,103079,0,103079,0.1552053847123826,2.0994701984841244,7.527272317171808,16.83611173156778,20.737467969038402,26.02176019476587
all_pairs,both_boxes_inside,5-8,unknown,1878,0,1878,0.024747643534228154,1.124555934605822,6.356866156827772,14.734283135723304,17.930250675935426,18.603305410981584
all_pairs,both_boxes_inside,ALL,same,12031,0,12031,0.001630689797729634,0.04900304710751385,0.2617006618846846,0.7117786214865285,1.2918059401283521,1.8253176160703568
all_pairs,both_boxes_inside,ALL,different,262570,0,262570,0.01753341362666007,2.043717954159591,7.026255501729903,15.147459840543627,19.237193105705405,26.02176019476587
all_pairs,both_boxes_inside,ALL,unknown,5854,0,5854,0.024747643534228154,1.2397044024025923,7.396548513615043,18.04111144160765,19.590126772338685,21.957621698358082
all_pairs,both_labels_mutually_unique,4-5,same,3672,0,3672,0.001630689797729634,0.04126938174948646,0.1179868539917144,0.7249229006784349,1.3403139278725487,1.8253176160703568
all_pairs,both_labels_mutually_unique,4-5,different,80689,0,80689,0.13230936418898623,2.0551343539298266,7.09998874545055,14.900545205000467,18.083073052610715,21.967572205374875
all_pairs,both_labels_mutually_unique,4-5,unknown,0,0,0,,,,,,
all_pairs,both_labels_mutually_unique,4-8,same,4019,0,4019,0.007291099734788185,0.07354145679449765,0.2958176297764864,0.6515028588472163,0.7917616916112777,1.4039288675892794
all_pairs,both_labels_mutually_unique,4-8,different,76075,0,76075,0.060020634943614384,1.983726181482982,6.351834933522233,12.73996555175173,16.273357006798893,20.974240075349723
all_pairs,both_labels_mutually_unique,4-8,unknown,0,0,0,,,,,,
all_pairs,both_labels_mutually_unique,5-8,same,4121,0,4121,0.0205847769965469,0.09677967840809018,0.3024744999678224,0.887434041775298,1.2994699556008007,1.4601445311803594
all_pairs,both_labels_mutually_unique,5-8,different,100025,0,100025,0.1552053847123826,2.1346663255966525,7.5393458963639715,16.872100522874163,20.79064287771299,26.02176019476587
all_pairs,both_labels_mutually_unique,5-8,unknown,0,0,0,,,,,,
all_pairs,both_labels_mutually_unique,ALL,same,11812,0,11812,0.001630689797729634,0.04873399283031389,0.26074483064051146,0.7032951699647726,1.2916846708880123,1.8253176160703568
all_pairs,both_labels_mutually_unique,ALL,different,256789,0,256789,0.060020634943614384,2.0586105885275567,7.044895277952885,15.151253388656974,19.25160308082709,26.02176019476587
all_pairs,both_labels_mutually_unique,ALL,unknown,0,0,0,,,,,,
appearance_links,all,4-5,same,3523,0,3523,0.001630689797729634,0.04142159390568648,0.1187489481155344,0.7256691341741106,1.3609276099475105,1.8253176160703568
appearance_links,all,4-5,different,18,0,18,0.08311960254382902,0.10329533585166462,3.5131205718818994,6.678427464477648,6.680432137246329,6.680933305438499
appearance_links,all,4-5,unknown,35,0,35,0.08354777210329026,0.11271942833200106,0.36207148857194765,6.714228034435207,8.565646922913112,9.502262079660781
appearance_links,all,4-8,same,3197,0,3197,0.007291099734788185,0.06882824356077381,0.29545228665539885,0.6407235052262832,0.7549419842414699,1.4039288675892794
appearance_links,all,4-8,different,167,0,167,0.0926363526984967,0.30473943759919725,8.029676865659738,11.748679413075381,14.008003798843887,14.461639298001042
appearance_links,all,4-8,unknown,23,0,23,0.027603282853261614,0.08316909906586561,0.3045917398708491,1.4754537838064734,1.574676471872853,1.6001856201490847
appearance_links,all,5-8,same,3787,0,3787,0.0205847769965469,0.09445137900338538,0.29386543593520675,0.6210576023338892,1.0206703005457818,1.399190024588629
appearance_links,all,5-8,different,178,0,178,0.19935968021094175,0.365837714625104,16.002816547010266,17.62734428463311,18.019983953605323,18.141448724739696
appearance_links,all,5-8,unknown,40,0,40,0.17488131464819343,0.18436931303519322,0.2808587534762155,2.6625556039618874,3.3891781952486135,3.41927401994188
appearance_links,all,ALL,same,10507,0,10507,0.001630689797729634,0.04801440540789876,0.2498451465047075,0.6424395345306698,1.1023948338906853,1.8253176160703568
appearance_links,all,ALL,different,363,0,363,0.08311960254382902,0.294622466706421,9.551741819169672,17.56746176734205,17.933990018942144,18.141448724739696
appearance_links,all,ALL,unknown,98,0,98,0.027603282853261614,0.12876917922076114,0.3177627169096221,3.9076148147730483,6.830154132468932,9.502262079660781
appearance_links,both_boxes_inside,4-5,same,3523,0,3523,0.001630689797729634,0.04142159390568648,0.1187489481155344,0.7256691341741106,1.3609276099475105,1.8253176160703568
appearance_links,both_boxes_inside,4-5,different,18,0,18,0.08311960254382902,0.10329533585166462,3.5131205718818994,6.678427464477648,6.680432137246329,6.680933305438499
appearance_links,both_boxes_inside,4-5,unknown,35,0,35,0.08354777210329026,0.11271942833200106,0.36207148857194765,6.714228034435207,8.565646922913112,9.502262079660781
appearance_links,both_boxes_inside,4-8,same,3197,0,3197,0.007291099734788185,0.06882824356077381,0.29545228665539885,0.6407235052262832,0.7549419842414699,1.4039288675892794
appearance_links,both_boxes_inside,4-8,different,167,0,167,0.0926363526984967,0.30473943759919725,8.029676865659738,11.748679413075381,14.008003798843887,14.461639298001042
appearance_links,both_boxes_inside,4-8,unknown,23,0,23,0.027603282853261614,0.08316909906586561,0.3045917398708491,1.4754537838064734,1.574676471872853,1.6001856201490847
appearance_links,both_boxes_inside,5-8,same,3787,0,3787,0.0205847769965469,0.09445137900338538,0.29386543593520675,0.6210576023338892,1.0206703005457818,1.399190024588629
appearance_links,both_boxes_inside,5-8,different,178,0,178,0.19935968021094175,0.365837714625104,16.002816547010266,17.62734428463311,18.019983953605323,18.141448724739696
appearance_links,both_boxes_inside,5-8,unknown,40,0,40,0.17488131464819343,0.18436931303519322,0.2808587534762155,2.6625556039618874,3.3891781952486135,3.41927401994188
appearance_links,both_boxes_inside,ALL,same,10507,0,10507,0.001630689797729634,0.04801440540789876,0.2498451465047075,0.6424395345306698,1.1023948338906853,1.8253176160703568
appearance_links,both_boxes_inside,ALL,different,363,0,363,0.08311960254382902,0.294622466706421,9.551741819169672,17.56746176734205,17.933990018942144,18.141448724739696
appearance_links,both_boxes_inside,ALL,unknown,98,0,98,0.027603282853261614,0.12876917922076114,0.3177627169096221,3.9076148147730483,6.830154132468932,9.502262079660781
appearance_links,both_labels_mutually_unique,4-5,same,3479,0,3479,0.001630689797729634,0.041404157219805414,0.11718859582495048,0.7362986876169407,1.3623379384182597,1.8253176160703568
appearance_links,both_labels_mutually_unique,4-5,different,10,0,10,0.2744567082543074,3.1389961677838043,6.664263168397992,6.6796066837533425,6.680667981101467,6.680933305438499
appearance_links,both_labels_mutually_unique,4-5,unknown,0,0,0,,,,,,
appearance_links,both_labels_mutually_unique,4-8,same,3165,0,3165,0.007291099734788185,0.06855662836187329,0.29545228665539885,0.6383287256063929,0.7537963468420137,1.4039288675892794
appearance_links,both_labels_mutually_unique,4-8,different,157,0,157,0.17665302017757095,0.8201990645998736,8.048294307026662,11.77136304312204,14.01224284435512,14.461639298001042
appearance_links,both_labels_mutually_unique,4-8,unknown,0,0,0,,,,,,
appearance_links,both_labels_mutually_unique,5-8,same,3752,0,3752,0.0205847769965469,0.09420362235030569,0.293788435247218,0.6202222297271512,1.010264016040695,1.399190024588629
appearance_links,both_labels_mutually_unique,5-8,different,152,0,152,1.304658626850962,5.930899505367774,16.276380228233442,17.616554158717584,17.832928554738036,17.9592103947562
appearance_links,both_labels_mutually_unique,5-8,unknown,0,0,0,,,,,,
appearance_links,both_labels_mutually_unique,ALL,same,10396,0,10396,0.001630689797729634,0.04797669005693552,0.24893008832045582,0.641253115074765,1.1027605197155261,1.8253176160703568
appearance_links,both_labels_mutually_unique,ALL,different,319,0,319,0.17665302017757095,2.9827177519760166,11.270632099344468,17.567150121271705,17.69936888719318,17.9592103947562
appearance_links,both_labels_mutually_unique,ALL,unknown,0,0,0,,,,,,
grouped_links,all,4-5,same,3416,0,3416,0.001630689797729634,0.04114702376244599,0.1149775340723459,0.699085838186523,1.3612920697865327,1.8253176160703568
grouped_links,all,4-5,different,11,0,11,0.08311960254382902,0.09498768096020291,0.18095283998788883,6.673150441368513,6.674808646953885,6.675223198350228
grouped_links,all,4-5,unknown,27,0,27,0.08354777210329026,0.12103574089863642,0.3374942032621927,6.733247225408376,8.786026959794919,9.502262079660781
grouped_links,all,4-8,same,3147,0,3147,0.007291099734788185,0.06870460569195161,0.2938374738781179,0.6366600594966098,0.7530791187163934,1.4039288675892794
grouped_links,all,4-8,different,41,0,41,0.0926363526984967,0.17665302017757095,5.605961320155225,13.993591044105694,14.291376178487837,14.461639298001042
grouped_links,all,4-8,unknown,18,0,18,0.027603282853261614,0.06684232535183877,0.2833552402160126,1.284749721127572,1.4443379011584845,1.484234946166213
grouped_links,all,5-8,same,3577,0,3577,0.0205847769965469,0.09356145068640091,0.29563290809570264,0.6222704031267295,1.0077080029469077,1.399190024588629
grouped_links,all,5-8,different,158,0,158,0.19935968021094175,0.37223823699814557,16.276380228233442,17.63058452485405,18.03347113858652,18.141448724739696
grouped_links,all,5-8,unknown,36,0,36,0.17488131464819343,0.1835435965837617,0.2761845235582062,2.805618684954564,3.3922649464992047,3.41927401994188
grouped_links,all,ALL,same,10140,0,10140,0.001630689797729634,0.04777216128579785,0.24832155165557074,0.6376800205795399,1.0953427823787452,1.8253176160703568
grouped_links,all,ALL,different,210,0,210,0.08311960254382902,0.2493431687659997,15.855956019748728,17.617046659614214,18.00039999422608,18.141448724739696
grouped_links,all,ALL,unknown,81,0,81,0.027603282853261614,0.1308782987631588,0.2843328043371011,6.674879318816522,7.2984617108427665,9.502262079660781
grouped_links,both_boxes_inside,4-5,same,3416,0,3416,0.001630689797729634,0.04114702376244599,0.1149775340723459,0.699085838186523,1.3612920697865327,1.8253176160703568
grouped_links,both_boxes_inside,4-5,different,11,0,11,0.08311960254382902,0.09498768096020291,0.18095283998788883,6.673150441368513,6.674808646953885,6.675223198350228
grouped_links,both_boxes_inside,4-5,unknown,27,0,27,0.08354777210329026,0.12103574089863642,0.3374942032621927,6.733247225408376,8.786026959794919,9.502262079660781
grouped_links,both_boxes_inside,4-8,same,3147,0,3147,0.007291099734788185,0.06870460569195161,0.2938374738781179,0.6366600594966098,0.7530791187163934,1.4039288675892794
grouped_links,both_boxes_inside,4-8,different,41,0,41,0.0926363526984967,0.17665302017757095,5.605961320155225,13.993591044105694,14.291376178487837,14.461639298001042
grouped_links,both_boxes_inside,4-8,unknown,18,0,18,0.027603282853261614,0.06684232535183877,0.2833552402160126,1.284749721127572,1.4443379011584845,1.484234946166213
grouped_links,both_boxes_inside,5-8,same,3577,0,3577,0.0205847769965469,0.09356145068640091,0.29563290809570264,0.6222704031267295,1.0077080029469077,1.399190024588629
grouped_links,both_boxes_inside,5-8,different,158,0,158,0.19935968021094175,0.37223823699814557,16.276380228233442,17.63058452485405,18.03347113858652,18.141448724739696
grouped_links,both_boxes_inside,5-8,unknown,36,0,36,0.17488131464819343,0.1835435965837617,0.2761845235582062,2.805618684954564,3.3922649464992047,3.41927401994188
grouped_links,both_boxes_inside,ALL,same,10140,0,10140,0.001630689797729634,0.04777216128579785,0.24832155165557074,0.6376800205795399,1.0953427823787452,1.8253176160703568
grouped_links,both_boxes_inside,ALL,different,210,0,210,0.08311960254382902,0.2493431687659997,15.855956019748728,17.617046659614214,18.00039999422608,18.141448724739696
grouped_links,both_boxes_inside,ALL,unknown,81,0,81,0.027603282853261614,0.1308782987631588,0.2843328043371011,6.674879318816522,7.2984617108427665,9.502262079660781
grouped_links,both_labels_mutually_unique,4-5,same,3372,0,3372,0.001630689797729634,0.041143679403347184,0.11325227145173895,0.7117659751039949,1.362422219456295,1.8253176160703568
grouped_links,both_labels_mutually_unique,4-5,different,3,0,3,0.2744567082543074,0.9141188058675564,6.671077684386798,6.674808646953885,6.675140288070959,6.675223198350228
grouped_links,both_labels_mutually_unique,4-5,unknown,0,0,0,,,,,,
grouped_links,both_labels_mutually_unique,4-8,same,3121,0,3121,0.007291099734788185,0.06853817970967704,0.2941671891451243,0.6367659295718234,0.7527818100210693,1.4039288675892794
grouped_links,both_labels_mutually_unique,4-8,different,34,0,34,0.17665302017757095,0.8701292804375199,11.377816630117433,14.00842770339501,14.321172224402648,14.461639298001042
grouped_links,both_labels_mutually_unique,4-8,unknown,0,0,0,,,,,,
grouped_links,both_labels_mutually_unique,5-8,same,3546,0,3546,0.0205847769965469,0.09348354302889672,0.2955978212714777,0.6211548854029496,1.0029915138724448,1.399190024588629
grouped_links,both_labels_mutually_unique,5-8,different,137,0,137,1.304658626850962,3.3202192678254265,16.523272224245332,17.62085947678915,17.858106147241447,17.9592103947562
grouped_links,both_labels_mutually_unique,5-8,unknown,0,0,0,,,,,,
grouped_links,both_labels_mutually_unique,ALL,same,10039,0,10039,0.001630689797729634,0.047662673130753154,0.24784546328606394,0.6378941720510184,1.0953566940836905,1.8253176160703568
grouped_links,both_labels_mutually_unique,ALL,different,174,0,174,0.17665302017757095,2.871440680475679,15.994192610245513,17.61033587214143,17.796001419066354,17.9592103947562
grouped_links,both_labels_mutually_unique,ALL,unknown,0,0,0,,,,,,
