query_camera,query_local_id,query_embedding_row,query_gt_id,gallery_camera,status,gallery_size,positive_rank,positive_local_id,positive_similarity,top1_local_id,top1_gt_id,top1_similarity,top2_local_id,top2_gt_id,top2_similarity,top3_local_id,top3_gt_id,top3_similarity
4,1,0,8,5,no_positive_in_gallery,22,,,,18,5,0.6901431083679199,19,7,0.6111836433410645,1,20,0.5399290323257446
4,3,1,4,5,evaluated,22,1,3,0.9191663265228271,3,4,0.9191663265228271,20,18,0.568104088306427,1,20,0.5290680527687073
4,4,2,6,5,evaluated,22,1,2,0.9096864461898804,2,6,0.9096864461898804,18,5,0.6472142934799194,5,9,0.6029467582702637
4,5,3,9,5,evaluated,22,1,5,0.8884388208389282,5,9,0.8884388208389282,18,5,0.5790872573852539,20,18,0.5750434994697571
4,6,4,13,5,evaluated,22,1,4,0.9419722557067871,4,13,0.9419722557067871,7,17,0.6354572772979736,8,15,0.6177651882171631
4,7,5,20,5,evaluated,22,1,1,0.9294600486755371,1,20,0.9294600486755371,18,5,0.7050958275794983,20,18,0.5916422605514526
4,8,6,5,5,evaluated,22,1,18,0.8699357509613037,18,5,0.8699357509613037,1,20,0.6264787912368774,19,7,0.5537083148956299
4,9,7,1,5,evaluated,22,1,6,0.8369637727737427,6,1,0.8369637727737427,5,9,0.6683480739593506,22,21,0.5892893075942993
4,10,8,7,5,evaluated,22,1,19,0.8830124139785767,19,7,0.8830124139785767,18,5,0.5488794445991516,12,22,0.5452550053596497
4,11,9,21,5,evaluated,22,1,22,0.909635066986084,22,21,0.909635066986084,3,4,0.559479832649231,12,22,0.557262122631073
4,12,10,14,5,evaluated,22,1,10,0.8585922122001648,10,14,0.8585922122001648,22,21,0.5120935440063477,16,10,0.49811863899230957
4,13,11,18,5,evaluated,22,1,20,0.9073325395584106,20,18,0.9073325395584106,1,20,0.6198840737342834,21,2,0.5727827548980713
4,14,12,2,5,evaluated,22,1,21,0.8647994995117188,21,2,0.8647994995117188,16,10,0.5737392902374268,7,17,0.521543025970459
4,15,13,11,5,evaluated,22,1,24,0.6885931491851807,24,11,0.6885931491851807,7,17,0.5805959105491638,16,10,0.546218991279602
4,16,14,19,5,evaluated,22,1,23,0.793345034122467,23,19,0.793345034122467,15,16,0.44214925169944763,4,13,0.38785436749458313
4,17,15,10,5,evaluated,22,11,16,0.3581625819206238,12,22,0.4869656562805176,5,9,0.4843393564224243,10,14,0.45124155282974243
4,1,0,8,8,evaluated,19,2,18,0.6491900682449341,19,7,0.7071365714073181,18,8,0.6491900682449341,3,5,0.6459003686904907
4,3,1,4,8,evaluated,19,1,6,0.7804619073867798,6,4,0.7804619073867798,8,20,0.5637412071228027,12,18,0.5568553805351257
4,4,2,6,8,evaluated,19,1,9,0.7923581004142761,9,6,0.7923581004142761,3,5,0.7758693695068359,10,9,0.6336051821708679
4,5,3,9,8,evaluated,19,1,10,0.7993714809417725,10,9,0.7993714809417725,1,1,0.7177281379699707,3,5,0.6177853345870972
4,6,4,13,8,evaluated,19,1,5,0.7997903823852539,5,13,0.7997903823852539,2,17,0.6360472440719604,14,10,0.5420438051223755
4,7,5,20,8,evaluated,19,1,8,0.8472010493278503,8,20,0.8472010493278503,3,5,0.6962603330612183,10,9,0.6150272488594055
4,8,6,5,8,evaluated,19,1,3,0.736854076385498,3,5,0.736854076385498,8,20,0.6224758625030518,18,8,0.6030529737472534
4,9,7,1,8,evaluated,19,1,1,0.8000524044036865,1,1,0.8000524044036865,10,9,0.6851742267608643,19,7,0.6039131879806519
4,10,8,7,8,evaluated,19,1,19,0.850640058517456,19,7,0.850640058517456,1,1,0.5937259197235107,20,3,0.562038779258728
4,11,9,21,8,evaluated,19,1,16,0.8038427233695984,16,21,0.8038427233695984,12,18,0.6012834906578064,1,1,0.592043399810791
4,12,10,14,8,evaluated,19,1,11,0.7177515029907227,11,14,0.7177515029907227,14,10,0.5472745895385742,7,19,0.49957722425460815
4,13,11,18,8,evaluated,19,1,12,0.7682356834411621,12,18,0.7682356834411621,8,20,0.6183217167854309,16,21,0.5953669548034668
4,14,12,2,8,evaluated,19,1,15,0.7142202258110046,15,2,0.7142202258110046,1,1,0.5193317532539368,3,5,0.5020113587379456
4,15,13,11,8,evaluated,19,1,13,0.6890187859535217,13,11,0.6890187859535217,5,13,0.5382121801376343,20,3,0.5282638072967529
4,16,14,19,8,evaluated,19,1,7,0.8499149084091187,7,19,0.8499149084091187,1,1,0.4218493700027466,14,10,0.4079134464263916
4,17,15,10,8,evaluated,19,2,14,0.516320526599884,1,1,0.5318180322647095,14,10,0.516320526599884,11,14,0.49428504705429077
5,1,16,20,4,evaluated,16,1,7,0.9294600486755371,7,20,0.9294600486755371,8,5,0.6264787912368774,13,18,0.6198840737342834
5,2,17,6,4,evaluated,16,1,4,0.9096864461898804,4,6,0.9096864461898804,5,9,0.553916871547699,7,20,0.5039612650871277
5,3,18,4,4,evaluated,16,1,3,0.9191663265228271,3,4,0.9191663265228271,11,21,0.559479832649231,1,8,0.5220545530319214
5,4,19,13,4,evaluated,16,1,6,0.9419722557067871,6,13,0.9419722557067871,14,2,0.49806416034698486,15,11,0.4806149899959564
5,5,20,9,4,evaluated,16,1,5,0.8884388208389282,5,9,0.8884388208389282,9,1,0.6683480739593506,4,6,0.6029467582702637
5,6,21,1,4,evaluated,16,1,9,0.8369637727737427,9,1,0.8369637727737427,11,21,0.5460637211799622,5,9,0.5258716344833374
5,7,22,17,4,no_positive_in_gallery,16,,,,6,13,0.6354572772979736,15,11,0.5805959105491638,11,21,0.5368952751159668
5,8,23,15,4,no_positive_in_gallery,16,,,,6,13,0.6177651882171631,15,11,0.4990949034690857,14,2,0.4517422914505005
5,9,24,24,4,no_positive_in_gallery,16,,,,6,13,0.5773136615753174,11,21,0.5448387861251831,13,18,0.45499515533447266
5,10,25,14,4,evaluated,16,1,12,0.8585922122001648,12,14,0.8585922122001648,15,11,0.4607436954975128,17,10,0.45124155282974243
5,11,26,0,4,no_positive_in_gallery,16,,,,5,9,0.5673096179962158,9,1,0.531062126159668,15,11,0.5070924162864685
5,12,27,22,4,no_positive_in_gallery,16,,,,9,1,0.5636618137359619,11,21,0.557262122631073,10,7,0.5452550053596497
5,13,28,3,4,no_positive_in_gallery,16,,,,6,13,0.5534185171127319,15,11,0.49498245120048523,10,7,0.4747675657272339
5,15,29,16,4,no_positive_in_gallery,16,,,,7,20,0.5228204131126404,8,5,0.5197278261184692,12,14,0.4712229371070862
5,16,30,10,4,evaluated,16,12,17,0.3581625819206238,14,2,0.5737392902374268,6,13,0.5551228523254395,15,11,0.546218991279602
5,18,31,5,4,evaluated,16,1,8,0.8699357509613037,8,5,0.8699357509613037,7,20,0.7050958275794983,1,8,0.6901431083679199
5,19,32,7,4,evaluated,16,1,10,0.8830124139785767,10,7,0.8830124139785767,1,8,0.6111836433410645,8,5,0.5537083148956299
5,20,33,18,4,evaluated,16,1,13,0.9073325395584106,13,18,0.9073325395584106,7,20,0.5916422605514526,5,9,0.5750434994697571
5,21,34,2,4,evaluated,16,1,14,0.8647994995117188,14,2,0.8647994995117188,13,18,0.5727827548980713,5,9,0.5696182250976562
5,22,35,21,4,evaluated,16,1,11,0.909635066986084,11,21,0.909635066986084,9,1,0.5892893075942993,13,18,0.5447513461112976
5,23,36,19,4,evaluated,16,1,16,0.793345034122467,16,19,0.793345034122467,7,20,0.42906075716018677,5,9,0.4071081280708313
5,24,37,11,4,evaluated,16,1,15,0.6885931491851807,15,11,0.6885931491851807,3,4,0.5213992595672607,4,6,0.5117977857589722
5,1,16,20,8,evaluated,19,1,8,0.8922874927520752,8,20,0.8922874927520752,3,5,0.7085381150245667,10,9,0.6294742822647095
5,2,17,6,8,evaluated,19,1,9,0.7923821210861206,9,6,0.7923821210861206,3,5,0.7014263868331909,10,9,0.5544150471687317
5,3,18,4,8,evaluated,19,1,6,0.7408097982406616,6,4,0.7408097982406616,18,8,0.5464451313018799,12,18,0.5360307097434998
5,4,19,13,8,evaluated,19,1,5,0.8455096483230591,5,13,0.8455096483230591,2,17,0.6399309635162354,14,10,0.5913399457931519
5,5,20,9,8,evaluated,19,1,10,0.7572439908981323,10,9,0.7572439908981323,1,1,0.7317528128623962,12,18,0.5864505767822266
5,6,21,1,8,evaluated,19,1,1,0.7497852444648743,1,1,0.7497852444648743,15,2,0.6992895603179932,10,9,0.6143295764923096
5,7,22,17,8,evaluated,19,1,2,0.8699547648429871,2,17,0.8699547648429871,5,13,0.7096177339553833,20,3,0.5591011047363281
5,8,23,15,8,no_positive_in_gallery,19,,,,2,17,0.6012555956840515,5,13,0.5929965376853943,13,11,0.49316126108169556
5,9,24,24,8,no_positive_in_gallery,19,,,,17,23,0.699028491973877,2,17,0.6659542322158813,5,13,0.6176146268844604
5,10,25,14,8,evaluated,19,1,11,0.7761268615722656,11,14,0.7761268615722656,14,10,0.5388795137405396,7,19,0.46488815546035767
5,11,26,0,8,no_positive_in_gallery,19,,,,19,7,0.5626817941665649,1,1,0.5584561228752136,10,9,0.506570041179657
5,12,27,22,8,no_positive_in_gallery,19,,,,1,1,0.6056225299835205,10,9,0.5968928933143616,12,18,0.5573976635932922
5,13,28,3,8,evaluated,19,1,20,0.6751617789268494,20,3,0.6751617789268494,5,13,0.5977999567985535,19,7,0.5465530157089233
5,15,29,16,8,no_positive_in_gallery,19,,,,3,5,0.5872434377670288,8,20,0.5433758497238159,6,4,0.5036515593528748
5,16,30,10,8,evaluated,19,1,14,0.7971115708351135,14,10,0.7971115708351135,5,13,0.5941314697265625,20,3,0.5481290817260742
5,18,31,5,8,evaluated,19,1,3,0.8550887703895569,3,5,0.8550887703895569,8,20,0.6979814767837524,18,8,0.6366020441055298
5,19,32,7,8,evaluated,19,1,19,0.7833260893821716,19,7,0.7833260893821716,1,1,0.5487673282623291,12,18,0.5343356132507324
5,20,33,18,8,evaluated,19,1,12,0.8119953870773315,12,18,0.8119953870773315,8,20,0.6640666723251343,10,9,0.6198394298553467
5,21,34,2,8,evaluated,19,1,15,0.7989647388458252,15,2,0.7989647388458252,3,5,0.545040488243103,1,1,0.505526065826416
5,22,35,21,8,evaluated,19,1,16,0.827669620513916,16,21,0.827669620513916,1,1,0.6192233562469482,12,18,0.589364230632782
5,23,36,19,8,evaluated,19,1,7,0.7632001042366028,7,19,0.7632001042366028,8,20,0.4542529284954071,10,9,0.42412710189819336
5,24,37,11,8,evaluated,19,12,13,0.3925088346004486,6,4,0.6371284127235413,20,3,0.5657552480697632,2,17,0.5534860491752625
8,1,38,1,4,evaluated,16,1,9,0.8000524044036865,9,1,0.8000524044036865,5,9,0.7177281379699707,10,7,0.5937259197235107
8,2,39,17,4,no_positive_in_gallery,16,,,,6,13,0.6360472440719604,11,21,0.524936318397522,15,11,0.5175054669380188
8,3,40,5,4,evaluated,16,2,8,0.736854076385498,4,6,0.7758693695068359,8,5,0.736854076385498,7,20,0.6962603330612183
8,5,41,13,4,evaluated,16,1,6,0.7997903823852539,6,13,0.7997903823852539,15,11,0.5382121801376343,4,6,0.5380554795265198
8,6,42,4,4,evaluated,16,1,3,0.7804619073867798,3,4,0.7804619073867798,4,6,0.5337546467781067,15,11,0.5128803253173828
8,7,43,19,4,evaluated,16,1,16,0.8499149084091187,16,19,0.8499149084091187,12,14,0.49957722425460815,17,10,0.46612679958343506
8,8,44,20,4,evaluated,16,1,7,0.8472010493278503,7,20,0.8472010493278503,8,5,0.6224758625030518,13,18,0.6183217167854309
8,9,45,6,4,evaluated,16,1,4,0.7923581004142761,4,6,0.7923581004142761,7,20,0.5997768044471741,8,5,0.5627075433731079
8,10,46,9,4,evaluated,16,1,5,0.7993714809417725,5,9,0.7993714809417725,9,1,0.6851742267608643,4,6,0.6336051821708679
8,11,47,14,4,evaluated,16,1,12,0.7177515029907227,12,14,0.7177515029907227,17,10,0.49428504705429077,9,1,0.47760775685310364
8,12,48,18,4,evaluated,16,1,13,0.7682356834411621,13,18,0.7682356834411621,5,9,0.610985279083252,11,21,0.6012834906578064
8,13,49,11,4,evaluated,16,1,15,0.6890187859535217,15,11,0.6890187859535217,17,10,0.46398618817329407,13,18,0.45873016119003296
8,14,50,10,4,evaluated,16,3,17,0.516320526599884,12,14,0.5472745895385742,6,13,0.5420438051223755,17,10,0.516320526599884
8,15,51,2,4,evaluated,16,1,14,0.7142202258110046,14,2,0.7142202258110046,9,1,0.5218321681022644,13,18,0.4676682949066162
8,16,52,21,4,evaluated,16,1,11,0.8038427233695984,11,21,0.8038427233695984,13,18,0.5953669548034668,9,1,0.5376148223876953
8,17,53,23,4,no_positive_in_gallery,16,,,,11,21,0.4232836663722992,10,7,0.404756635427475,15,11,0.36783355474472046
8,18,54,8,4,evaluated,16,1,1,0.6491900682449341,1,8,0.6491900682449341,8,5,0.6030529737472534,13,18,0.5610442161560059
8,19,55,7,4,evaluated,16,1,10,0.850640058517456,10,7,0.850640058517456,1,8,0.7071365714073181,5,9,0.6093190312385559
8,20,56,3,4,no_positive_in_gallery,16,,,,10,7,0.562038779258728,15,11,0.5282638072967529,6,13,0.5162850022315979
8,1,38,1,5,evaluated,22,1,6,0.7497852444648743,6,1,0.7497852444648743,5,9,0.7317528128623962,22,21,0.6192233562469482
8,2,39,17,5,evaluated,22,1,7,0.8699547648429871,7,17,0.8699547648429871,9,24,0.6659542322158813,4,13,0.6399309635162354
8,3,40,5,5,evaluated,22,1,18,0.8550887703895569,18,5,0.8550887703895569,1,20,0.7085381150245667,2,6,0.7014263868331909
8,5,41,13,5,evaluated,22,1,4,0.8455096483230591,4,13,0.8455096483230591,7,17,0.7096177339553833,9,24,0.6176146268844604
8,6,42,4,5,evaluated,22,1,3,0.7408097982406616,3,4,0.7408097982406616,24,11,0.6371284127235413,20,18,0.595822811126709
8,7,43,19,5,evaluated,22,1,23,0.7632001042366028,23,19,0.7632001042366028,10,14,0.46488815546035767,5,9,0.4228384792804718
8,8,44,20,5,evaluated,22,1,1,0.8922874927520752,1,20,0.8922874927520752,18,5,0.6979814767837524,20,18,0.6640666723251343
8,9,45,6,5,evaluated,22,1,2,0.7923821210861206,2,6,0.7923821210861206,18,5,0.6239231824874878,5,9,0.5525411367416382
8,10,46,9,5,evaluated,22,1,5,0.7572439908981323,5,9,0.7572439908981323,18,5,0.6334609389305115,1,20,0.6294742822647095
8,11,47,14,5,evaluated,22,1,10,0.7761268615722656,10,14,0.7761268615722656,15,16,0.47645577788352966,12,22,0.4547218680381775
8,12,48,18,5,evaluated,22,1,20,0.8119953870773315,20,18,0.8119953870773315,1,20,0.5983012914657593,22,21,0.589364230632782
8,13,49,11,5,evaluated,22,14,24,0.3925088346004486,16,10,0.5264948606491089,8,15,0.49316126108169556,11,0,0.4722690284252167
8,14,50,10,5,evaluated,22,1,16,0.7971115708351135,16,10,0.7971115708351135,4,13,0.5913399457931519,10,14,0.5388795137405396
8,15,51,2,5,evaluated,22,1,21,0.7989647388458252,21,2,0.7989647388458252,6,1,0.6992895603179932,7,17,0.4839286804199219
8,16,52,21,5,evaluated,22,1,22,0.827669620513916,22,21,0.827669620513916,20,18,0.583388090133667,6,1,0.565813422203064
8,17,53,23,5,no_positive_in_gallery,22,,,,9,24,0.699028491973877,7,17,0.540984034538269,8,15,0.47303837537765503
8,18,54,8,5,no_positive_in_gallery,22,,,,18,5,0.6366020441055298,20,18,0.5836942195892334,1,20,0.5704436898231506
8,19,55,7,5,evaluated,22,1,19,0.7833260893821716,19,7,0.7833260893821716,18,5,0.5869059562683105,11,0,0.5626817941665649
8,20,56,3,5,evaluated,22,1,13,0.6751617789268494,13,3,0.6751617789268494,4,13,0.5730769634246826,24,11,0.5657552480697632
