variant,threshold,camera_time_slots,gt_observations,predicted_observations,gt_identities,predicted_identities,idtp,idfp,idfn,idp,idr,idf1,delta_idf1_vs_no_cross_camera_pp
latest,0.0,894,16317,15828,25,41,11028,4800,5289,0.6967399545109931,0.6758595330023901,0.6861409239384041,25.982267848810075
latest,0.5,894,16317,15828,25,43,11288,4540,5029,0.7131665403083144,0.6917938346509775,0.7023176232695598,27.59993778192565
latest,0.6,894,16317,15828,25,49,11281,4547,5036,0.7127242860753096,0.691364834221977,0.7018820967491056,27.55638512988023
latest,0.7,894,16317,15828,25,54,10988,4840,5329,0.6942127874652515,0.6734081019795306,0.6836522009643802,25.733395551407686
latest,0.8,894,16317,15828,25,64,8780,7048,7537,0.5547131665403083,0.538089109517681,0.5462746927982579,11.995644734795457
latest,0.9,894,16317,15828,25,68,8010,7818,8307,0.5060652009097801,0.49089906232763375,0.4983667755482968,7.204853009799344
latest,0.95,894,16317,15828,25,73,6852,8976,9465,0.43290371493555724,0.4199301342158485,0.42631824545030333,0.0
latest,1.0,894,16317,15828,25,73,6852,8976,9465,0.43290371493555724,0.4199301342158485,0.42631824545030333,0.0
mean,0.0,894,16317,15828,25,40,10978,4850,5339,0.693580995703816,0.6727952442238156,0.6830300202208741,25.67117747705708
mean,0.5,894,16317,15828,25,43,11206,4622,5111,0.7079858478645439,0.6867684010541153,0.6972157411728107,27.08974957225074
mean,0.6,894,16317,15828,25,48,11438,4390,4879,0.7226434167298459,0.700986700986701,0.7116503344221496,28.533208897184632
mean,0.7,894,16317,15828,25,50,11690,4138,4627,0.7385645691180187,0.7164307164307164,0.7273292891585006,30.101104370819726
mean,0.8,894,16317,15828,25,64,8780,7048,7537,0.5547131665403083,0.538089109517681,0.5462746927982579,11.995644734795457
mean,0.9,894,16317,15828,25,68,8010,7818,8307,0.5060652009097801,0.49089906232763375,0.4983667755482968,7.204853009799344
mean,0.95,894,16317,15828,25,73,6852,8976,9465,0.43290371493555724,0.4199301342158485,0.42631824545030333,0.0
mean,1.0,894,16317,15828,25,73,6852,8976,9465,0.43290371493555724,0.4199301342158485,0.42631824545030333,0.0
