variant,threshold,before_accepted_links,before_correct_links,before_wrong_known_links,before_unresolved_gt_links,before_available_positive_pairs,before_missed_positive_pairs,before_precision_labeled,before_recall_available_pairs,before_accepted_link_label_coverage,before_verified_correct_fraction_all_links,after_accepted_links,after_correct_links,after_wrong_known_links,after_unresolved_gt_links,after_available_positive_pairs,after_missed_positive_pairs,after_precision_labeled,after_recall_available_pairs,after_accepted_link_label_coverage,after_verified_correct_fraction_all_links,removed_accepted_links,removed_correct_links,removed_wrong_known_links,removed_unresolved_gt_links,groups_frames,groups_observations,groups_groups,groups_singletons,groups_two_member_groups,groups_three_member_groups,groups_linked_groups_all_known_same_gt,groups_linked_groups_different_known_gt,groups_linked_groups_unresolved_gt,groups_merged,groups_already_in_same_group,groups_rejected_camera_conflict,groups_rejected_missing_pair_support,source_components_frames,source_components_linked_components,source_components_camera_conflict_components,source_components_open_three_camera_components,source_components_closed_three_camera_components,source_components_frames_with_camera_conflict,source_components_frames_with_open_three_camera_component,source_components_components_with_different_known_gt,source_components_components_with_unknown_gt
latest,0.0,14328,11415,2626,287,12031,616,0.8129762837404744,0.9487989360817887,0.9799692908989391,0.7966917922948074,12831,11151,1482,198,12031,880,0.8826881975777725,0.9268556229739838,0.9845686228664952,0.8690671031096563,1497,264,1144,89,298,15828,6535,780,2217,3538,4403,1221,131,9293,3538,586,911,298,4785,539,0,3538,290,0,1255,147
latest,0.5,13075,11412,1503,160,12031,619,0.883623693379791,0.9485495802510182,0.9877629063097514,0.872810707456979,12226,11158,934,134,12031,873,0.9227588488256698,0.9274374532457818,0.9890397513495829,0.9126451823981678,849,254,569,26,298,15828,7003,1579,2023,3401,4533,812,79,8825,3401,263,586,298,4984,355,155,3401,241,140,1080,95
latest,0.6,11949,11144,694,111,12031,887,0.9413752323027539,0.926273792702186,0.9907105197087622,0.9326303456356181,11461,10882,485,94,12031,1149,0.9573326295416557,0.9044967168148949,0.9917982724020592,0.9494808480935346,488,262,209,17,298,15828,7591,2578,1789,3224,4515,445,53,8237,3224,88,400,298,4844,173,155,3224,141,122,585,67
latest,0.7,10314,9996,272,46,12031,2035,0.9735099337748344,0.8308536281273378,0.9955400426604615,0.9691681210005817,9643,9461,145,37,12031,2570,0.9849052675411202,0.7863851716399302,0.996163019807114,0.9811262055376957,671,535,127,9,298,15828,8847,4528,1657,2662,4156,136,27,6981,2662,30,641,298,4232,132,414,2662,114,219,252,32
latest,0.8,5763,5720,38,5,12031,6311,0.9934004862799584,0.47543845066910484,0.9991323963213604,0.9925386083636994,4811,4797,9,5,12031,7234,0.99812734082397,0.39871997340204474,0.9989607150280607,0.9970900020785699,952,923,29,0,298,15828,11711,8288,2729,694,3412,7,4,4117,694,0,952,298,3420,5,942,694,5,290,35,4
latest,0.9,1459,1458,1,0,12031,10573,0.9993145990404386,0.12118693375446762,1.0,0.9993145990404386,1400,1399,1,0,12031,10632,0.9992857142857143,0.11628293574931427,1.0,0.9992857142857143,59,59,0,0,298,15828,14430,13034,1394,2,1395,1,0,1398,2,0,59,298,1396,0,59,2,0,54,1,0
latest,0.95,132,132,0,0,12031,11899,1.0,0.010971656553902418,1.0,1.0,132,132,0,0,12031,11899,1.0,0.010971656553902418,1.0,1.0,0,0,0,0,298,15828,15696,15564,132,0,132,0,0,132,0,0,0,298,132,0,0,0,0,0,0,0
latest,1.0,0,0,0,0,12031,12031,,0.0,,,0,0,0,0,12031,12031,,0.0,,,0,0,0,0,298,15828,15828,15828,0,0,0,0,0,0,0,0,0,298,0,0,0,0,0,0,0,0
mean,0.0,14328,11494,2533,301,12031,537,0.8194196905967064,0.9553653062920788,0.9789921831379118,0.8022054718034618,12947,11269,1459,219,12031,762,0.8853708359522313,0.9366636189842906,0.9830848845292346,0.8703946860276512,1381,225,1074,82,298,15828,6485,746,2135,3604,4410,1188,141,9343,3604,566,815,298,4862,537,0,3604,286,0,1262,154
mean,0.5,13378,11508,1669,201,12031,523,0.8733399104500266,0.9565289668356745,0.9849753326356705,0.8602182687995216,12439,11257,1011,171,12031,774,0.9175904792957287,0.9356661956612086,0.9862529142214005,0.9049762842672241,939,251,658,30,298,15828,6842,1309,2080,3453,4542,884,107,8986,3453,259,680,298,5033,383,144,3453,258,129,1130,119
mean,0.6,12156,11317,700,139,12031,714,0.9417491886494134,0.9406533122766187,0.9885653175386641,0.9309805857189866,11666,11059,475,132,12031,972,0.9588174093983006,0.9192087108303549,0.9886850677181553,0.9479684553403052,490,258,225,7,298,15828,7472,2426,1736,3310,4542,439,65,8356,3310,86,404,298,4879,169,146,3310,144,129,604,72
mean,0.7,10968,10507,363,98,12031,1524,0.9666053357865685,0.8733272379685811,0.9910649161196207,0.9579686360320934,10431,10140,210,81,12031,1891,0.9797101449275363,0.8428227080043221,0.9922346850733391,0.9721023871153293,537,367,153,17,298,15828,8369,3882,1515,2972,4245,198,44,7459,2972,44,493,298,4383,156,243,2972,128,169,323,62
mean,0.8,7013,6904,87,22,12031,5127,0.9875554284079531,0.5738508852131993,0.9968629687722801,0.984457436189933,5783,5740,28,15,12031,6291,0.9951456310679612,0.47710082287424155,0.9974061905585336,0.9925644129344631,1230,1164,59,7,298,15828,11071,7340,2705,1026,3698,23,10,4757,1026,3,1227,298,3688,46,1144,1026,46,297,77,18
mean,0.9,2006,1995,10,1,12031,10036,0.9950124688279302,0.16582162746238882,0.9995014955134596,0.9945164506480558,1903,1894,8,1,12031,10137,0.9957939011566772,0.15742664782644833,0.999474513925381,0.9952706253284288,103,101,2,0,298,15828,13933,12046,1879,8,1878,8,1,1895,8,0,103,298,1887,0,103,8,0,86,8,1
mean,0.95,271,271,0,0,12031,11760,1.0,0.022525143379602694,1.0,1.0,271,271,0,0,12031,11760,1.0,0.022525143379602694,1.0,1.0,0,0,0,0,298,15828,15557,15286,271,0,271,0,0,271,0,0,0,298,271,0,0,0,0,0,0,0
mean,1.0,0,0,0,0,12031,12031,,0.0,,,0,0,0,0,12031,12031,,0.0,,,0,0,0,0,298,15828,15828,15828,0,0,0,0,0,0,0,0,0,298,0,0,0,0,0,0,0,0
