variant,threshold,camera_pair_frames,accepted_links,correct_links,wrong_known_links,unresolved_gt_links,available_positive_pairs,missed_positive_pairs,endpoints,unmatched_endpoints,no_positive_endpoints,no_positive_linked,no_positive_abstained,unlabeled_endpoints,unlabeled_unmatched,unmatched_empty_opposite_camera,unmatched_no_candidate_above_threshold,unmatched_assignment_competition,precision_labeled,verified_correct_fraction_all_links,accepted_link_label_coverage,recall_available_pairs,no_positive_abstention_rate,frames,linked_components,camera_conflict_components,open_three_camera_components,closed_three_camera_components,frames_with_camera_conflict,frames_with_open_three_camera_component,components_with_different_known_gt,components_with_unknown_gt
latest,0.0,894,14328,11415,2626,287,12031,616,31656,3000,7270,4528,2742,324,29,0,0,3000,0.8129762837404744,0.7966917922948074,0.9799692908989391,0.9487989360817887,0.3771664374140303,298,4785,539,0,3538,290,0,1255,147
latest,0.5,894,13075,11412,1503,160,12031,619,31656,5506,7270,2495,4775,324,161,0,1186,4320,0.883623693379791,0.872810707456979,0.9877629063097514,0.9485495802510182,0.6568088033012379,298,4984,355,155,3401,241,140,1080,95
latest,0.6,894,11949,11144,694,111,12031,887,31656,7758,7270,1088,6182,324,212,0,5289,2469,0.9413752323027539,0.9326303456356181,0.9907105197087622,0.926273792702186,0.850343878954608,298,4844,173,155,3224,141,122,585,67
latest,0.7,894,10314,9996,272,46,12031,2035,31656,11028,7270,335,6935,324,278,0,10385,643,0.9735099337748344,0.9691681210005817,0.9955400426604615,0.8308536281273378,0.953920220082531,298,4232,132,414,2662,114,219,252,32
latest,0.8,894,5763,5720,38,5,12031,6311,31656,20130,7270,19,7251,324,319,0,20115,15,0.9934004862799584,0.9925386083636994,0.9991323963213604,0.47543845066910484,0.9973865199449794,298,3420,5,942,694,5,290,35,4
latest,0.9,894,1459,1458,1,0,12031,10573,31656,28738,7270,1,7269,324,324,0,28738,0,0.9993145990404386,0.9993145990404386,1.0,0.12118693375446762,0.9998624484181569,298,1396,0,59,2,0,54,1,0
latest,0.95,894,132,132,0,0,12031,11899,31656,31392,7270,0,7270,324,324,0,31392,0,1.0,1.0,1.0,0.010971656553902418,1.0,298,132,0,0,0,0,0,0,0
latest,1.0,894,0,0,0,0,12031,12031,31656,31656,7270,0,7270,324,324,0,31656,0,,,,0.0,1.0,298,0,0,0,0,0,0,0,0
mean,0.0,894,14328,11494,2533,301,12031,537,31656,3000,7270,4503,2767,324,20,0,0,3000,0.8194196905967064,0.8022054718034618,0.9789921831379118,0.9553653062920788,0.38060522696011007,298,4862,537,0,3604,286,0,1262,154
mean,0.5,894,13378,11508,1669,201,12031,523,31656,4900,7270,2899,4371,324,122,0,783,4117,0.8733399104500266,0.8602182687995216,0.9849753326356705,0.9565289668356745,0.6012379642365887,298,5033,383,144,3453,258,129,1130,119
mean,0.6,894,12156,11317,700,139,12031,714,31656,7344,7270,1166,6104,324,185,0,4499,2845,0.9417491886494134,0.9309805857189866,0.9885653175386641,0.9406533122766187,0.839614855570839,298,4879,169,146,3310,144,129,604,72
mean,0.7,894,10968,10507,363,98,12031,1524,31656,9720,7270,526,6744,324,226,0,8942,778,0.9666053357865685,0.9579686360320934,0.9910649161196207,0.8733272379685811,0.9276478679504814,298,4383,156,243,2972,128,169,323,62
mean,0.8,894,7013,6904,87,22,12031,5127,31656,17630,7270,58,7212,324,302,0,17609,21,0.9875554284079531,0.984457436189933,0.9968629687722801,0.5738508852131993,0.992022008253095,298,3688,46,1144,1026,46,297,77,18
mean,0.9,894,2006,1995,10,1,12031,10036,31656,27644,7270,8,7262,324,323,0,27644,0,0.9950124688279302,0.9945164506480558,0.9995014955134596,0.16582162746238882,0.9988995873452545,298,1887,0,103,8,0,86,8,1
mean,0.95,894,271,271,0,0,12031,11760,31656,31114,7270,0,7270,324,324,0,31114,0,1.0,1.0,1.0,0.022525143379602694,1.0,298,271,0,0,0,0,0,0,0
mean,1.0,894,0,0,0,0,12031,12031,31656,31656,7270,0,7270,324,324,0,31656,0,,,,0.0,1.0,298,0,0,0,0,0,0,0,0
